Nom;Continent;Superficie;Population;Capitale
Afghanistan;Asie;652864.0;34124800;Kaboul
Angola;Afrique;1246700.0;30355900;Luanda
Albanie;Europe;28748.0;3048000;Tirana
Andorre;Europe;468.0;85600;Andore-la-Vieille
Andorre;Europe;468.0;85600;Andore-la-Vieille
Argentine;Amérique du Sud;2791800.0;44293300;Buenos Aires
Arménie;Asie;29800.0;3045200;Erevan
Arménie;Asie;29800.0;3045200;Erevan
Australie;Océanie;7692060.0;23470100;Camberra
Autriche;Europe;83871.0;8754400;Vienne
Autriche;Europe;83871.0;8754400;Vienne